index,name,symbol,percentage,category
1,Unitedhealth Group Inc,UNH,8.902782,DIA
2,Microsoft Corp,MSFT,6.882032,DIA
3,Goldman Sachs Group Inc,GS,6.569872,DIA
4,Home Depot Inc,HD,6.194837,DIA
5,Caterpillar Inc,CAT,5.360532,DIA
6,Mcdonald S Corp,MCD,5.00019,DIA
7,Salesforce Inc,CRM,4.893232,DIA
8,Amgen Inc,AMGN,4.844025,DIA
9,Visa Inc Class A Shares,V,4.701187,DIA
10,Travelers Cos Inc,TRV,3.760608,DIA
11,American Express Co,AXP,3.630584,DIA
12,Boeing Co,BA,3.474761,DIA
13,Honeywell International Inc,HON,3.39907,DIA
14,Intl Business Machines Corp,IBM,3.134238,DIA
15,Apple Inc,AAPL,3.102117,DIA
16,Jpmorgan Chase & Co,JPM,3.07085,DIA
17,Walmart Inc,WMT,3.004727,DIA
18,Procter & Gamble Co,PG,2.708287,DIA
19,Johnson & Johnson,JNJ,2.697181,DIA
20,Chevron Corp,CVX,2.631229,DIA
21,Merck & Co. Inc.,MRK,2.176232,DIA
22,Walt Disney Co,DIS,1.869881,DIA
23,Nike Inc  Cl B,NKE,1.764974,DIA
24,3m Co,MMM,1.568828,DIA
25,Coca Cola Co,KO,1.037114,DIA
26,Dow Inc,DOW,0.93477,DIA
27,Cisco Systems Inc,CSCO,0.824908,DIA
28,Intel Corp,INTC,0.760664,DIA
29,Verizon Communications Inc,VZ,0.691979,DIA
30,Walgreens Boots Alliance Inc,WBA,0.381187,DIA
1,Microsoft Corp,MSFT,8.841,QQQ
2,Apple Inc,AAPL,8.339,QQQ
3,Amazon.com Inc,AMZN,5.099,QQQ
4,NVIDIA Corp,NVDA,5.066,QQQ
5,Meta Platforms Inc,META,4.914,QQQ
6,Broadcom Inc,AVGO,4.37,QQQ
7,Tesla Inc,TSLA,2.753,QQQ
8,Alphabet Inc,GOOGL,2.466,QQQ
9,Costco Wholesale Corp,COST,2.451,QQQ
10,Alphabet Inc,GOOG,2.404,QQQ
11,Advanced Micro Devices Inc,AMD,2.042,QQQ
12,Netflix Inc,NFLX,1.92,QQQ
13,Adobe Inc,ADBE,1.882,QQQ
14,PepsiCo Inc,PEP,1.769,QQQ
15,Cisco Systems Inc,CSCO,1.496,QQQ
16,Intel Corp,INTC,1.432,QQQ
17,T-Mobile US Inc,TMUS,1.429,QQQ
18,Intuit Inc,INTU,1.379,QQQ
19,QUALCOMM Inc,QCOM,1.29,QQQ
20,Comcast Corp,CMCSA,1.276,QQQ
21,Applied Materials Inc,AMAT,1.205,QQQ
22,Amgen Inc,AMGN,1.157,QQQ
23,Texas Instruments Inc,TXN,1.127,QQQ
24,Intuitive Surgical Inc,ISRG,1.014,QQQ
25,Honeywell International Inc,HON,1,QQQ
26,Booking Holdings Inc,BKNG,0.985,QQQ
27,Lam Research Corp,LRCX,0.905,QQQ
28,Palo Alto Networks Inc,PANW,0.88,QQQ
29,Vertex Pharmaceuticals Inc,VRTX,0.827,QQQ
30,Starbucks Corp,SBUX,0.81,QQQ
31,Automatic Data Processing Inc,ADP,0.794,QQQ
32,Regeneron Pharmaceuticals Inc,REGN,0.774,QQQ
33,Mondelez International Inc,MDLZ,0.76,QQQ
34,Analog Devices Inc,ADI,0.717,QQQ
35,Gilead Sciences Inc,GILD,0.685,QQQ
36,Micron Technology Inc,MU,0.679,QQQ
37,KLA Corp,KLAC,0.676,QQQ
38,MercadoLibre Inc,MELI,0.671,QQQ
39,PDD Holdings Inc ADR,PDD,0.669,QQQ
40,Synopsys Inc,SNPS,0.636,QQQ
41,ASML Holding NV,ASML,0.609,QQQ
42,Cadence Design Systems Inc,CDNS,0.606,QQQ
43,Crowdstrike Holdings Inc,CRWD,0.562,QQQ
44,CSX Corp,CSX,0.556,QQQ
45,Marriott International Inc/MD,MAR,0.543,QQQ
46,Airbnb Inc,ABNB,0.491,QQQ
47,PayPal Holdings Inc,PYPL,0.482,QQQ
48,Workday Inc,WDAY,0.481,QQQ
49,Cintas Corp,CTAS,0.478,QQQ
50,O'Reilly Automotive Inc,ORLY,0.467,QQQ
51,NXP Semiconductors NV,NXPI,0.455,QQQ
52,Roper Technologies Inc,ROP,0.443,QQQ
53,Monster Beverage Corp,MNST,0.44,QQQ
54,PACCAR Inc,PCAR,0.429,QQQ
55,Marvell Technology Inc,MRVL,0.428,QQQ
56,Autodesk Inc,ADSK,0.416,QQQ
57,Lululemon Athletica Inc,LULU,0.412,QQQ
58,Fortinet Inc,FTNT,0.398,QQQ
59,Ross Stores Inc,ROST,0.373,QQQ
60,Copart Inc,CPRT,0.355,QQQ
61,IDEXX Laboratories Inc,IDXX,0.349,QQQ
62,Old Dominion Freight Line Inc,ODFL,0.349,QQQ
63,Dexcom Inc,DXCM,0.347,QQQ
64,Paychex Inc,PAYX,0.343,QQQ
65,Microchip Technology Inc,MCHP,0.34,QQQ
66,Kraft Heinz Co/The,KHC,0.333,QQQ
67,Keurig Dr Pepper Inc,KDP,0.333,QQQ
68,Charter Communications Inc,CHTR,0.333,QQQ
69,DoorDash Inc,DASH,0.327,QQQ
70,American Electric Power Co Inc,AEP,0.324,QQQ
71,Constellation Energy Corp,CEG,0.321,QQQ
72,Fastenal Co,FAST,0.305,QQQ
73,GE HealthCare Technologies Inc,GEHC,0.3,QQQ
74,Datadog Inc,DDOG,0.294,QQQ
75,Cognizant Technology Solutions Corp,CTSH,0.293,QQQ
76,Electronic Arts Inc,EA,0.29,QQQ
77,AstraZeneca PLC ADR,AZN,0.289,QQQ
78,Zscaler Inc,ZS,0.282,QQQ
79,Trade Desk Inc/The,TTD,0.281,QQQ
80,Verisk Analytics Inc,VRSK,0.275,QQQ
81,Exelon Corp,EXC,0.264,QQQ
82,ON Semiconductor Corp,ON,0.255,QQQ
83,CoStar Group Inc,CSGP,0.253,QQQ
84,Moderna Inc,MRNA,0.253,QQQ
85,Xcel Energy Inc,XEL,0.249,QQQ
86,CDW Corp/DE,CDW,0.247,QQQ
87,Dollar Tree Inc,DLTR,0.243,QQQ
88,Diamondback Energy Inc,FANG,0.243,QQQ
89,Biogen Inc,BIIB,0.242,QQQ
90,Atlassian Corp,TEAM,0.242,QQQ
91,MongoDB Inc,MDB,0.242,QQQ
92,Coca-Cola Europacific Partners PLC,CCEP,0.238,QQQ
93,GLOBALFOUNDRIES Inc,GFS,0.228,QQQ
94,Baker Hughes Co,BKR,0.223,QQQ
95,ANSYS Inc,ANSS,0.22,QQQ
96,Splunk Inc,SPLK,0.2,QQQ
97,Take-Two Interactive Software Inc,TTWO,0.197,QQQ
98,Warner Bros Discovery Inc,WBD,0.184,QQQ
99,Illumina Inc,ILMN,0.17,QQQ
100,Walgreens Boots Alliance Inc,WBA,0.147,QQQ
101,Sirius XM Holdings Inc,SIRI,0.139,QQQ
1,Microsoft Corp,MSFT,7.13,SPY
2,Apple Inc.,AAPL,6.33,SPY
3,Nvidia Corp,NVDA,4.26,SPY
4,Amazon.com Inc,AMZN,3.66,SPY
5,"Meta Platforms, Inc. Class A",META,2.50,SPY
6,Alphabet Inc. Class A,GOOGL,1.98,SPY
7,Berkshire Hathaway Class B,BRK.B,1.75,SPY
8,Alphabet Inc. Class C,GOOG,1.68,SPY
9,Eli Lilly & Co.,LLY,1.48,SPY
10,"Tesla, Inc.",TSLA,1.31,SPY
11,Broadcom Inc.,AVGO,1.30,SPY
12,Jpmorgan Chase & Co.,JPM,1.23,SPY
13,Unitedhealth Group Incorporated,UNH,1.15,SPY
14,Visa Inc.,V,1.05,SPY
15,Exxon Mobil Corporation,XOM,0.99,SPY
16,Mastercard Incorporated,MA,0.92,SPY
17,Johnson & Johnson,JNJ,0.90,SPY
18,Procter & Gamble Company,PG,0.88,SPY
19,"Home Depot, Inc.",HD,0.86,SPY
20,"Merck & Co., Inc.",MRK,0.77,SPY
21,Costco Wholesale Corp,COST,0.76,SPY
22,Abbvie Inc.,ABBV,0.74,SPY
23,"Salesforce, Inc.",CRM,0.67,SPY
24,Advanced Micro Devices,AMD,0.67,SPY
25,Chevron Corporation,CVX,0.64,SPY
26,Netflix Inc,NFLX,0.61,SPY
27,Adobe Inc.,ADBE,0.59,SPY
28,Walmart Inc.,WMT,0.58,SPY
29,Bank of America Corporation,BAC,0.56,SPY
30,Accenture Plc,ACN,0.55,SPY
31,Coca-Cola Company,KO,0.55,SPY
32,"Pepsico, Inc.",PEP,0.54,SPY
33,Mcdonald's Corporation,MCD,0.50,SPY
34,"Thermo Fisher Scientific, Inc.",TMO,0.50,SPY
35,Linde Plc,LIN,0.50,SPY
36,The Walt Disney Company,DIS,0.49,SPY
37,Abbott Laboratories,ABT,0.47,SPY
38,"Cisco Systems, Inc.",CSCO,0.47,SPY
39,Wells Fargo & Co.,WFC,0.45,SPY
40,Intuit Inc,INTU,0.44,SPY
41,Intel Corp,INTC,0.44,SPY
42,Oracle Corp,ORCL,0.42,SPY
43,International Business Machines Corporation,IBM,0.41,SPY
44,Verizon Communications,VZ,0.40,SPY
45,Qualcomm Inc,QCOM,0.40,SPY
46,Applied Materials Inc,AMAT,0.40,SPY
47,Comcast Corp,CMCSA,0.39,SPY
48,Danaher Corporation,DHR,0.39,SPY
49,Caterpillar Inc.,CAT,0.39,SPY
50,General Electric Company,GE,0.39,SPY
51,"Uber Technologies, Inc.",UBER,0.38,SPY
52,"Servicenow, Inc.",NOW,0.37,SPY
53,Pfizer Inc.,PFE,0.37,SPY
54,Amgen Inc,AMGN,0.36,SPY
55,Union Pacific Corp.,UNP,0.36,SPY
56,Texas Instruments Incorporated,TXN,0.35,SPY
57,Philip Morris International Inc.,PM,0.33,SPY
58,S&p Global Inc.,SPGI,0.33,SPY
59,Intuitive Surgical Inc.,ISRG,0.32,SPY
60,Conocophillips,COP,0.31,SPY
61,Lowe's Companies Inc.,LOW,0.31,SPY
62,Rtx Corporation,RTX,0.31,SPY
63,"Honeywell International, Inc.",HON,0.31,SPY
64,Booking Holdings Inc.,BKNG,0.31,SPY
65,"Nike, Inc.",NKE,0.30,SPY
66,Goldman Sachs Group Inc.,GS,0.30,SPY
67,"Prologis, Inc.",PLD,0.29,SPY
68,American Express Company,AXP,0.29,SPY
69,Lam Research Corp,LRCX,0.29,SPY
70,At&t Inc.,T,0.29,SPY
71,"Elevance Health, Inc.",ELV,0.29,SPY
72,Stryker Corporation,SYK,0.28,SPY
73,"Nextra Energy, Inc.",NEE,0.28,SPY
74,Boeing Company,BA,0.27,SPY
75,"Palo Alto Networks, Inc.",PANW,0.27,SPY
76,Medtronic Plc,MDT,0.27,SPY
77,"Tjx Companies, Inc.",TJX,0.27,SPY
78,"Blackrock, Inc.",BLK,0.26,SPY
79,"Eaton Corporation, Plcs",ETN,0.26,SPY
80,Progressive Corporation,PGR,0.26,SPY
81,Morgan Stanley,MS,0.26,SPY
82,Vertex Pharmaceuticals Inc,VRTX,0.26,SPY
83,"United Parcel Service, Inc. Class B",UPS,0.25,SPY
84,Starbucks Corp,SBUX,0.25,SPY
85,Citigroup Inc.,C,0.25,SPY
86,Automatic Data Processing,ADP,0.25,SPY
87,Chubb Limited,CB,0.24,SPY
88,Bristol-Myers Squibb Co.,BMY,0.24,SPY
89,Regeneron Pharmaceuticals Inc,REGN,0.24,SPY
90,The Cigna Group,CI,0.24,SPY
91,Cvs Health Corporation,CVS,0.24,SPY
92,"Marsh & Mclennan Companies, Inc.",MMC,0.23,SPY
93,"Mondelez International, Inc. Class A",MDLZ,0.23,SPY
94,Deere & Company,DE,0.23,SPY
95,Boston Scientific Corp.,BSX,0.23,SPY
96,The Charles Schwab Corporation,SCHW,0.23,SPY
97,"Analog Devices, Inc.",ADI,0.22,SPY
98,Lockheed Martin Corp.,LMT,0.22,SPY
99,Blackstone Inc.,BX,0.22,SPY
100,Kla Corporation,KLAC,0.21,SPY
101,Gilead Sciences Inc,GILD,0.21,SPY
102,"Fiserv, Inc.",FI,0.21,SPY
103,American Tower Corporation,AMT,0.21,SPY
104,"Micron Technology, Inc.",MU,0.21,SPY
105,Zoetis Inc.,ZTS,0.21,SPY
106,Synopsys Inc,SNPS,0.20,SPY
107,"T-Mobile Us, Inc.",TMUS,0.19,SPY
108,"Equinix, Inc. Reit",EQIX,0.19,SPY
109,Cadence Design Systems,CDNS,0.19,SPY
110,Intercontinental Exchange  Inc.,ICE,0.19,SPY
111,Cme Group Inc.,CME,0.18,SPY
112,"Waste Management, Inc.",WM,0.18,SPY
113,The Sherwin-Williams Company,SHW,0.17,SPY
114,Csx Corporation,CSX,0.17,SPY
115,The Southern Company,SO,0.17,SPY
116,"Chipotle Mexican Grill, Inc.",CMG,0.17,SPY
117,"Altria Group, Inc.",MO,0.17,SPY
118,Duke Energy Corporation,DUK,0.17,SPY
119,"Becton, Dickinson and Co.",BDX,0.17,SPY
120,Illinois Tool Works Inc.,ITW,0.17,SPY
121,Schlumberger Limited,SLB,0.16,SPY
122,Colgate-Palmolive Company,CL,0.16,SPY
123,Target Corporation,TGT,0.16,SPY
124,Mckesson Corporation,MCK,0.16,SPY
125,Parker-Hannifin Corporation,PH,0.16,SPY
126,"Airbnb, Inc. Class A",ABNB,0.16,SPY
127,"Eog Resources, Inc.",EOG,0.16,SPY
128,Arista Networks,ANET,0.16,SPY
129,U.S. Bancorp,USB,0.15,SPY
130,Marathon Petroleum Corporation,MPC,0.15,SPY
131,Northrop Grumman Corp.,NOC,0.15,SPY
132,"Paypal Holdings, Inc.",PYPL,0.15,SPY
133,Transdigm Group Incorporated,TDG,0.15,SPY
134,Phillips 66,PSX,0.15,SPY
135,Amphenol Corporation,APH,0.15,SPY
136,Aon Plc Class A,AON,0.15,SPY
137,"O'reilly Automotive, Inc.",ORLY,0.15,SPY
138,Trane Technologies Plc,TT,0.15,SPY
139,"Hca Healthcare, Inc.",HCA,0.15,SPY
140,General Dynamics Corporation,GD,0.14,SPY
141,Emerson Electric Co.,EMR,0.14,SPY
142,Nxp Semiconductors N.v.,NXPI,0.14,SPY
143,Marriot International Class A,MAR,0.14,SPY
144,Pnc Financial Services Group,PNC,0.14,SPY
145,Moody's Corporation,MCO,0.14,SPY
146,"Roper Technologies, Inc.",ROP,0.14,SPY
147,Norfolk Southern Corp.,NSC,0.14,SPY
148,Paccar Inc,PCAR,0.13,SPY
149,Freeport-Mcmoran Inc.,FCX,0.13,SPY
150,Autodesk Inc,ADSK,0.13,SPY
151,Fedex Corporation,FDX,0.13,SPY
152,"Ecolab, Inc.",ECL,0.13,SPY
153,Pioneer Natural Resource Co.,PXD,0.13,SPY
154,Cintas Corp,CTAS,0.13,SPY
155,"Motorola Solutions, Inc.",MSI,0.13,SPY
156,General Motors Company,GM,0.13,SPY
157,Capital One Financial,COF,0.12,SPY
158,Edwards Lifesciences Corp,EW,0.12,SPY
159,Lululemon Athletica Inc.,LULU,0.12,SPY
160,Welltower Inc.,WELL,0.12,SPY
161,Arthur J. Gallagher & Co.,AJG,0.12,SPY
162,Hilton Worldwide Holdings Inc.,HLT,0.12,SPY
163,"Air Products & Chemicals, Inc.",APD,0.12,SPY
164,3m Company,MMM,0.12,SPY
165,"The Travelers Companies, Inc.",TRV,0.12,SPY
166,"American International Group, Inc.",AIG,0.12,SPY
167,"Simon Property Group, Inc.",SPG,0.12,SPY
168,Ross Stores Inc,ROST,0.12,SPY
169,Ford Motor Company,F,0.11,SPY
170,"Autozone, Inc.",AZO,0.11,SPY
171,Truist Financial Corporation,TFC,0.11,SPY
172,Valero Energy Corporation,VLO,0.11,SPY
173,Crown Castle Inc.,CCI,0.11,SPY
174,Idexx Laboratories Inc,IDXX,0.11,SPY
175,Nucor Corporation,NUE,0.11,SPY
176,Carrier Global Corporation,CARR,0.11,SPY
177,"Dexcom, Inc.",DXCM,0.11,SPY
178,Humana Inc.,HUM,0.11,SPY
179,"Msci, Inc.",MSCI,0.11,SPY
180,Public Storage,PSA,0.11,SPY
181,Sempra,SRE,0.11,SPY
182,Te Connectivity Ltd,TEL,0.11,SPY
183,Microchip Technology Inc,MCHP,0.10,SPY
184,"United Rentals, Inc.",URI,0.10,SPY
185,Iqvia Holdings Inc.,IQV,0.10,SPY
186,"Fortinet, Inc.",FTNT,0.10,SPY
187,Realty Income Corporation,O,0.10,SPY
188,"American Electric Power Company, Inc.",AEP,0.10,SPY
189,"Metlife, Inc.",MET,0.10,SPY
190,Copart Inc,CPRT,0.10,SPY
191,D.R. Horton Inc.,DHI,0.10,SPY
192,Bank of New York Mellon Corporation,BK,0.10,SPY
193,The Allstate Corporation,ALL,0.10,SPY
194,Centene Corporation,CNC,0.10,SPY
195,"Oneok, Inc.",OKE,0.10,SPY
196,Aflac Inc.,AFL,0.10,SPY
197,Constellation Energy Corporation,CEG,0.10,SPY
198,Williams Companies Inc.,WMB,0.10,SPY
199,"W.W. Grainger, Inc.",GWW,0.10,SPY
200,"Digital Realty Trust, Inc.",DLR,0.10,SPY
201,Hess Corporation,HES,0.10,SPY
202,Monster Beverage Corporation,MNST,0.10,SPY
203,"Ameriprise Financial, Inc.",AMP,0.10,SPY
204,Fastenal Co,FAST,0.10,SPY
205,"L3harris Technologies, Inc.",LHX,0.10,SPY
206,"Ametek, Inc.",AME,0.10,SPY
207,Sysco Corporation,SYY,0.10,SPY
208,Kimberly-Clark Corp.,KMB,0.09,SPY
209,Occidental Petroleum Corporation,OXY,0.09,SPY
210,Paychex Inc,PAYX,0.09,SPY
211,Agilent Technologies Inc.,A,0.09,SPY
212,"Constellation Brands, Inc.",STZ,0.09,SPY
213,Dow Inc.,DOW,0.09,SPY
214,"Prudential Financial, Inc.",PRU,0.09,SPY
215,Johnson Controls International Plc,JCI,0.09,SPY
216,"Cencora, Inc.",COR,0.09,SPY
217,"Corteva, Inc.",CTVA,0.09,SPY
218,Cognizant Technology Solutions,CTSH,0.09,SPY
219,Newmont Corporation,NEM,0.09,SPY
220,"Dominion Energy, Inc",D,0.09,SPY
221,Old Dominion Freight Line,ODFL,0.09,SPY
222,Cummins Inc.,CMI,0.09,SPY
223,"Fidelity National Information Services, Inc.",FIS,0.09,SPY
224,"Yum! Brands, Inc.",YUM,0.09,SPY
225,Lennar Corporation Class A,LEN,0.09,SPY
226,Otis Worldwide Corporation,OTIS,0.09,SPY
227,"General Mills, Inc.",GIS,0.09,SPY
228,Republic Services Inc.,RSG,0.09,SPY
229,Ingersoll Rand Inc.,IR,0.09,SPY
230,"Verisk Analytics, Inc.",VRSK,0.08,SPY
231,"Gartner, Inc.",IT,0.08,SPY
232,"Global Payments, Inc.",GPN,0.08,SPY
233,"Monolithic Power Systems, Inc.",MPWR,0.08,SPY
234,Electronic Arts Inc,EA,0.08,SPY
235,Exelon Corporation,EXC,0.08,SPY
236,Pg&e Corporation,PCG,0.08,SPY
237,The Estee Lauder Companies Inc. Class A,EL,0.08,SPY
238,Vulcan Materials Company,VMC,0.08,SPY
239,On Semiconductor Corp,ON,0.08,SPY
240,Ge Healthcare Technologies Inc.,GEHC,0.08,SPY
241,Martin Marietta Materials,MLM,0.08,SPY
242,"Ppg Industries, Inc.",PPG,0.08,SPY
243,Costar Group Inc,CSGP,0.08,SPY
244,"Kinder Morgan, Inc.",KMI,0.08,SPY
245,Kenvue Inc.,KVUE,0.08,SPY
246,"Xcel Energy, Inc.",XEL,0.08,SPY
247,Cdw Corporation,CDW,0.08,SPY
248,"Diamondback Energy, Inc.",FANG,0.08,SPY
249,"Rockwell Automation, Inc.",ROK,0.08,SPY
250,Arch Capital Group Ltd,ACGL,0.08,SPY
251,Biogen Inc.,BIIB,0.08,SPY
252,"Equifax, Incorporated",EFX,0.08,SPY
253,Fair Isaac Corporation,FICO,0.08,SPY
254,Halliburton Company,HAL,0.08,SPY
255,Keurig Dr Pepper Inc.,KDP,0.07,SPY
256,The Kroger Co.,KR,0.07,SPY
257,Dollar General Corp.,DG,0.07,SPY
258,"Quanta Services, Inc.",PWR,0.07,SPY
259,Vici Properties Inc.,VICI,0.07,SPY
260,"Consolidated Edison, Inc.",ED,0.07,SPY
261,"Extra Space Storage, Inc.",EXR,0.07,SPY
262,Dollar Tree Inc.,DLTR,0.07,SPY
263,Public Service Enterprise Group Incorporated,PEG,0.07,SPY
264,Fortive Corporation,FTV,0.07,SPY
265,Xylem Inc,XYL,0.07,SPY
266,Charter Comm Inc Del Cl a,CHTR,0.07,SPY
267,"Dupont De Nemours, Inc.",DD,0.07,SPY
268,"Moderna, Inc.",MRNA,0.07,SPY
269,Baker Hughes Company,BKR,0.07,SPY
270,The Hershey Company,HSY,0.07,SPY
271,Ansys Inc,ANSS,0.07,SPY
272,Willis Towers Watson Public Limited Companys,WTW,0.07,SPY
273,Archer Daniels Midland Company,ADM,0.07,SPY
274,"Cbre Group, Inc.",CBRE,0.07,SPY
275,"The Hartford Financial Services Group, Inc.",HIG,0.07,SPY
276,Devon Energy Corporation,DVN,0.07,SPY
277,The Kraft Heinz Company,KHC,0.07,SPY
278,Discover Financial Services,DFS,0.07,SPY
279,"Keysight Technologies, Inc.",KEYS,0.07,SPY
280,Royal Caribbean Group,RCL,0.07,SPY
281,"West Pharmaceutical Services, Inc.",WST,0.06,SPY
282,Resmed Inc.,RMD,0.06,SPY
283,"Ulta Beauty, Inc.",ULTA,0.06,SPY
284,"Zimmer Biomet Holdings, Inc.",ZBH,0.06,SPY
285,"Delta Air Lines, Inc.",DAL,0.06,SPY
286,Mettler-Toledo International,MTD,0.06,SPY
287,"Cardinal Health, Inc.",CAH,0.06,SPY
288,Tractor Supply Co,TSCO,0.06,SPY
289,Edison International,EIX,0.06,SPY
290,"Avalonbay Communities, Inc.",AVB,0.06,SPY
291,Lyondellbasell Industries N.v. Class A,LYB,0.06,SPY
292,Hp Inc.,HPQ,0.06,SPY
293,"Wec Energy Group, Inc.",WEC,0.06,SPY
294,Howmet Aerospace Inc.,HWM,0.06,SPY
295,Corning Incorporated,GLW,0.06,SPY
296,T Rowe Price Group Inc,TROW,0.06,SPY
297,Take-Two Interactive Software Inc,TTWO,0.06,SPY
298,Weyerhaeuser Company,WY,0.06,SPY
299,Wabtec Inc.,WAB,0.06,SPY
300,"Church & Dwight Co., Inc.",CHD,0.06,SPY
301,"American Water Works Company, Inc",AWK,0.06,SPY
302,"Nvr, Inc.",NVR,0.06,SPY
303,"Molina Healthcare, Inc.",MOH,0.06,SPY
304,Broadridge Financial Solutions Inc,BR,0.06,SPY
305,Fifth Third Bancorp,FITB,0.05,SPY
306,M&t Bank Corp.,MTB,0.05,SPY
307,Steris Plc,STE,0.05,SPY
308,"Builders Firstsource, Inc.",BLDR,0.05,SPY
309,Illumina Inc,ILMN,0.05,SPY
310,Dover Corporation,DOV,0.05,SPY
311,Ebay Inc,EBAY,0.05,SPY
312,Aptiv Plc,APTV,0.05,SPY
313,State Street Corporation,STT,0.05,SPY
314,"Raymond James Financial, Inc.",RJF,0.05,SPY
315,Sba Communications Corp,SBAC,0.05,SPY
316,Dte Energy Company,DTE,0.05,SPY
317,Align Technology Inc,ALGN,0.05,SPY
318,"Pultegroup, Inc.",PHM,0.05,SPY
319,"Warner Bros. Discovery, Inc. Series a",WBD,0.05,SPY
320,Targa Resources Corp.,TRGP,0.05,SPY
321,"Ptc, Inc",PTC,0.05,SPY
322,Entergy Corporation,ETR,0.05,SPY
323,Baxter International Inc.,BAX,0.05,SPY
324,International Flavors & Fragrances Inc.,IFF,0.05,SPY
325,Eversource Energy,ES,0.05,SPY
326,Equity Residential,EQR,0.05,SPY
327,Las Vegas Sands Corp.,LVS,0.05,SPY
328,Teledyne Technologies Incorporated,TDY,0.05,SPY
329,Southwest Airlines Co.,LUV,0.05,SPY
330,Genuine Parts Company,GPC,0.05,SPY
331,Iron Mountain Inc.,IRM,0.05,SPY
332,"Cboe Global Markets, Inc.",CBOE,0.05,SPY
333,"Fleetcor Technologies, Inc.",FLT,0.05,SPY
334,Ppl Corporation,PPL,0.05,SPY
335,"Darden Restaurants, Inc.",DRI,0.05,SPY
336,"Brown & Brown, Inc.",BRO,0.05,SPY
337,Ball Corporation,BALL,0.05,SPY
338,Firstenergy Corp.,FE,0.05,SPY
339,Waters Corp,WAT,0.05,SPY
340,Hubbell Incorporated,HUBB,0.05,SPY
341,Hewlett Packard Enterprise Company,HPE,0.05,SPY
342,"Axon Enterprise, Inc.",AXON,0.05,SPY
343,Veralto Corporation,VLTO,0.04,SPY
344,Invitation Homes Inc.,INVH,0.04,SPY
345,"Nasdaq, Inc.",NDAQ,0.04,SPY
346,Steel Dynamics Inc,STLD,0.04,SPY
347,Clorox Company,CLX,0.04,SPY
348,Garmin Ltd,GRMN,0.04,SPY
349,Jacobs Solutions Inc.,J,0.04,SPY
350,"Alexandria Real Estate Equities, Inc.",ARE,0.04,SPY
351,Coterra Energy Inc.,CTRA,0.04,SPY
352,Huntington Bancshares Inc,HBAN,0.04,SPY
353,"Tyler Technologies, Inc.",TYL,0.04,SPY
354,Laboratory Corporation of America Holdings,LH,0.04,SPY
355,Hologic Inc,HOLX,0.04,SPY
356,"Expeditors International of Washington, Inc.",EXPD,0.04,SPY
357,"Expedia Group, Inc.",EXPE,0.04,SPY
358,Ameren Corporation,AEE,0.04,SPY
359,"Enphase Energy, Inc.",ENPH,0.04,SPY
360,"Netapp, Inc",NTAP,0.04,SPY
361,"Epam Systems, Inc.",EPAM,0.04,SPY
362,Jabil Inc.,JBL,0.04,SPY
363,"Centerpoint Energy, Inc.",CNP,0.04,SPY
364,"Ventas, Inc.",VTR,0.04,SPY
365,Cincinnati Financial Corp,CINF,0.04,SPY
366,"Principal Financial Group, Inc.",PFG,0.04,SPY
367,Factset Research Systems,FDS,0.04,SPY
368,Omnicom Group Inc.,OMC,0.04,SPY
369,Western Digital Corp.,WDC,0.04,SPY
370,Jb Hunt Transport Services Inc,JBHT,0.04,SPY
371,Verisign Inc,VRSN,0.04,SPY
372,Regions Financial Corp.,RF,0.04,SPY
373,Idex Corporation,IEX,0.04,SPY
374,Atmos Energy Corporation,ATO,0.04,SPY
375,Seagate Technology Holdings Plcs,STX,0.04,SPY
376,"Leidos Holdings, Inc.",LDOS,0.04,SPY
377,Avery Dennison Corp.,AVY,0.04,SPY
378,W.R. Berkley Corporation,WRB,0.04,SPY
379,"First Solar, Inc.",FSLR,0.04,SPY
380,"Textron, Inc.",TXT,0.04,SPY
381,Cms Energy Corporation,CMS,0.04,SPY
382,"Mccormick & Company, Incorporated Non-Vtg Cs",MKC,0.04,SPY
383,Northern Trust Corp,NTRS,0.04,SPY
384,Skyworks Solutions Inc,SWKS,0.04,SPY
385,Masco Corporation,MAS,0.04,SPY
386,Akamai Technologies Inc,AKAM,0.04,SPY
387,Synchrony Financial,SYF,0.04,SPY
388,"Everest Group, Ltd.",EG,0.04,SPY
389,"Walgreens Boots Alliance, Inc",WBA,0.04,SPY
390,Viatris Inc.,VTRS,0.04,SPY
391,"Teradyne, Inc.",TER,0.04,SPY
392,"Tyson Foods, Inc.",TSN,0.04,SPY
393,"Essex Property Trust, Inc",ESS,0.04,SPY
394,Packaging Corp of America,PKG,0.04,SPY
395,Celanese Corporation,CE,0.04,SPY
396,Trimble Inc.,TRMB,0.04,SPY
397,"Mid-America Apartment Communities, Inc.",MAA,0.04,SPY
398,Pool Corporation,POOL,0.04,SPY
399,Carnival Corporation,CCL,0.04,SPY
400,"Cf Industries Holding, Inc.",CF,0.04,SPY
401,"Citizens Financial Group, Inc.",CFG,0.03,SPY
402,Domino's Pizza Inc.,DPZ,0.03,SPY
403,Kellanova,K,0.03,SPY
404,"Lamb Weston Holdings, Inc.",LW,0.03,SPY
405,Albemarle Corporation,ALB,0.03,SPY
406,"Best Buy Company, Inc.",BBY,0.03,SPY
407,Eqt Corp,EQT,0.03,SPY
408,Nordson Corp,NDSN,0.03,SPY
409,Snap-on Incorporated,SNA,0.03,SPY
410,Zebra Technologies Corporation,ZBRA,0.03,SPY
411,"Host Hotels & Resorts, Inc.",HST,0.03,SPY
412,Quest Diagnostics Inc.,DGX,0.03,SPY
413,"United Airlines Holdings, Inc.",UAL,0.03,SPY
414,Marathon Oil Corporation,MRO,0.03,SPY
415,"Stanley Black & Decker, Inc.",SWK,0.03,SPY
416,Loews Corporation,L,0.03,SPY
417,Lkq Corporation,LKQ,0.03,SPY
418,Insulet Corporation,PODD,0.03,SPY
419,Bunge Global Sa,BG,0.03,SPY
420,Live Nation Entertainment Inc.,LYV,0.03,SPY
421,Keycorp,KEY,0.03,SPY
422,Amcor Plcs,AMCR,0.03,SPY
423,"Conagra Brands, Inc.",CAG,0.03,SPY
424,The J.M. Smucker Company,SJM,0.03,SPY
425,"Revvity, Inc.",RVTY,0.03,SPY
426,Henry (Jack) & Associates,JKHY,0.03,SPY
427,"Charles River Laboratories International, Inc.",CRL,0.03,SPY
428,"The Interpublic Group of Companies, Inc.",IPG,0.03,SPY
429,International Paper Co.,IP,0.03,SPY
430,Pentair Plc,PNR,0.03,SPY
431,Alliant Energy Corporation,LNT,0.03,SPY
432,Gen Digital Inc.,GEN,0.03,SPY
433,Kimco Realty Corp.,KIM,0.03,SPY
434,Teleflex Incorporated,TFX,0.03,SPY
435,Juniper Networks Inc,JNPR,0.03,SPY
436,"Nrg Energy, Inc.",NRG,0.03,SPY
437,Allegion Public Limited Company,ALLE,0.03,SPY
438,Mgm Resorts International,MGM,0.03,SPY
439,Molson Coors Beverage Company Class B,TAP,0.03,SPY
440,"Evergy, Inc.",EVRG,0.03,SPY
441,"Rollins, Inc.",ROL,0.03,SPY
442,Carmax Inc.,KMX,0.03,SPY
443,"Huntington Ingalls Industries, Inc.",HII,0.03,SPY
444,Bio-Techne Corp.,TECH,0.03,SPY
445,Aes Corporation,AES,0.03,SPY
446,"Dayforce, Inc.",DAY,0.03,SPY
447,Westrock Company,WRK,0.03,SPY
448,"Udr, Inc.",UDR,0.03,SPY
449,"Qorvo, Inc.",QRVO,0.03,SPY
450,"F5, Inc.",FFIV,0.03,SPY
451,Incyte Genomics Inc,INCY,0.03,SPY
452,Globe Life Inc.,GL,0.03,SPY
453,"Tapestry, Inc.",TPR,0.02,SPY
454,"Catalent, Inc.",CTLT,0.02,SPY
455,Nisource Inc.,NI,0.02,SPY
456,Brown-Forman Corporation Class B,BF.B,0.02,SPY
457,"Bath & Body Works, Inc.",BBWI,0.02,SPY
458,Camden Property Trust,CPT,0.02,SPY
459,"Match Group, Inc",MTCH,0.02,SPY
460,Eastman Chemical Company,EMN,0.02,SPY
461,Wynn Resorts Ltd,WYNN,0.02,SPY
462,News Corporation Class A,NWSA,0.02,SPY
463,Regency Centers Corporation,REG,0.02,SPY
464,The Mosaic Company,MOS,0.02,SPY
465,Henry Schein Inc,HSIC,0.02,SPY
466,"Universal Health Services, Inc. Class B",UHS,0.02,SPY
467,A.O. Smith Corporation,AOS,0.02,SPY
468,Apa Corporation,APA,0.02,SPY
469,American Airlines Group Inc.,AAL,0.02,SPY
470,"Boston Properties, Inc.",BXP,0.02,SPY
471,"Healthpeak Properties, Inc.",PEAK,0.02,SPY
472,"Paycom Software, Inc.",PAYC,0.02,SPY
473,"Etsy, Inc.",ETSY,0.02,SPY
474,"Assurant, Inc.",AIZ,0.02,SPY
475,"Caesars Entertainment, Inc.",CZR,0.02,SPY
476,Robert Half Inc.,RHI,0.02,SPY
477,"C.H. Robinson Worldwide, Inc.",CHRW,0.02,SPY
478,Hormel Foods Corporation,HRL,0.02,SPY
479,Marketaxess Holdings Inc.,MKTX,0.02,SPY
480,Campbell Soup Company,CPB,0.02,SPY
481,"Franklin Resources, Inc.",BEN,0.02,SPY
482,Pinnacle West Capital Corporation,PNW,0.02,SPY
483,Fox Corporation Class A,FOXA,0.02,SPY
484,Federal Realty Investment Trust,FRT,0.02,SPY
485,Borgwarner Inc.,BWA,0.02,SPY
486,Generac Holdings Inc,GNRC,0.02,SPY
487,Ralph Lauren Corporation,RL,0.02,SPY
488,Dentsply Sirona Inc.,XRAY,0.02,SPY
489,"Bio-Rad Laboratories, Inc.Class A",BIO,0.02,SPY
490,Invesco Ltd,IVZ,0.02,SPY
491,Norwegian Cruise Line Holdings Ltd.s,NCLH,0.02,SPY
492,Comerica Incorporated,CMA,0.02,SPY
493,Davita Inc.,DVA,0.02,SPY
494,Fmc Corporation,FMC,0.02,SPY
495,"Hasbro, Inc.",HAS,0.02,SPY
496,Zions Bancorporation N.a.,ZION,0.01,SPY
497,"Mohawk Industries, Inc.",MHK,0.01,SPY
498,Whirlpool Corp.,WHR,0.01,SPY
499,Paramount Global Class B,PARA,0.01,SPY
500,V.F. Corporation,VFC,0.01,SPY
501,Fox Corporation Class B,FOX,0.01,SPY
502,News Corporation Class B,NWS,0.01,SPY
1,Microsoft Corp,MSFT,8.841,ONEQ
2,Apple Inc,AAPL,8.339,ONEQ
3,Amazon.com Inc,AMZN,5.099,ONEQ
4,NVIDIA Corp,NVDA,5.066,ONEQ
5,Meta Platforms Inc,META,4.914,ONEQ
6,Broadcom Inc,AVGO,4.37,ONEQ
7,Tesla Inc,TSLA,2.753,ONEQ
8,Alphabet Inc,GOOGL,2.466,ONEQ
9,Costco Wholesale Corp,COST,2.451,ONEQ
10,Alphabet Inc,GOOG,2.404,ONEQ
11,Advanced Micro Devices Inc,AMD,2.042,ONEQ
12,Netflix Inc,NFLX,1.92,ONEQ
13,Adobe Inc,ADBE,1.882,ONEQ
14,PepsiCo Inc,PEP,1.769,ONEQ
15,Cisco Systems Inc,CSCO,1.496,ONEQ
16,Intel Corp,INTC,1.432,ONEQ
17,T-Mobile US Inc,TMUS,1.429,ONEQ
18,Intuit Inc,INTU,1.379,ONEQ
19,QUALCOMM Inc,QCOM,1.29,ONEQ
20,Comcast Corp,CMCSA,1.276,ONEQ
21,Applied Materials Inc,AMAT,1.205,ONEQ
22,Amgen Inc,AMGN,1.157,ONEQ
23,Texas Instruments Inc,TXN,1.127,ONEQ
24,Intuitive Surgical Inc,ISRG,1.014,ONEQ
25,Honeywell International Inc,HON,1,ONEQ
26,Booking Holdings Inc,BKNG,0.985,ONEQ
27,Lam Research Corp,LRCX,0.905,ONEQ
28,Palo Alto Networks Inc,PANW,0.88,ONEQ
29,Vertex Pharmaceuticals Inc,VRTX,0.827,ONEQ
30,Starbucks Corp,SBUX,0.81,ONEQ
31,Automatic Data Processing Inc,ADP,0.794,ONEQ
32,Regeneron Pharmaceuticals Inc,REGN,0.774,ONEQ
33,Mondelez International Inc,MDLZ,0.76,ONEQ
34,Analog Devices Inc,ADI,0.717,ONEQ
35,Gilead Sciences Inc,GILD,0.685,ONEQ
36,Micron Technology Inc,MU,0.679,ONEQ
37,KLA Corp,KLAC,0.676,ONEQ
38,MercadoLibre Inc,MELI,0.671,ONEQ
39,PDD Holdings Inc ADR,PDD,0.669,ONEQ
40,Synopsys Inc,SNPS,0.636,ONEQ
41,ASML Holding NV,ASML,0.609,ONEQ
42,Cadence Design Systems Inc,CDNS,0.606,ONEQ
43,Crowdstrike Holdings Inc,CRWD,0.562,ONEQ
44,CSX Corp,CSX,0.556,ONEQ
45,Marriott International Inc/MD,MAR,0.543,ONEQ
46,Airbnb Inc,ABNB,0.491,ONEQ
47,PayPal Holdings Inc,PYPL,0.482,ONEQ
48,Workday Inc,WDAY,0.481,ONEQ
49,Cintas Corp,CTAS,0.478,ONEQ
50,O'Reilly Automotive Inc,ORLY,0.467,ONEQ
51,NXP Semiconductors NV,NXPI,0.455,ONEQ
52,Roper Technologies Inc,ROP,0.443,ONEQ
53,Monster Beverage Corp,MNST,0.44,ONEQ
54,PACCAR Inc,PCAR,0.429,ONEQ
55,Marvell Technology Inc,MRVL,0.428,ONEQ
56,Autodesk Inc,ADSK,0.416,ONEQ
57,Lululemon Athletica Inc,LULU,0.412,ONEQ
58,Fortinet Inc,FTNT,0.398,ONEQ
59,Ross Stores Inc,ROST,0.373,ONEQ
60,Copart Inc,CPRT,0.355,ONEQ
61,IDEXX Laboratories Inc,IDXX,0.349,ONEQ
62,Old Dominion Freight Line Inc,ODFL,0.349,ONEQ
63,Dexcom Inc,DXCM,0.347,ONEQ
64,Paychex Inc,PAYX,0.343,ONEQ
65,Microchip Technology Inc,MCHP,0.34,ONEQ
66,Kraft Heinz Co/The,KHC,0.333,ONEQ
67,Keurig Dr Pepper Inc,KDP,0.333,ONEQ
68,Charter Communications Inc,CHTR,0.333,ONEQ
69,DoorDash Inc,DASH,0.327,ONEQ
70,American Electric Power Co Inc,AEP,0.324,ONEQ
71,Constellation Energy Corp,CEG,0.321,ONEQ
72,Fastenal Co,FAST,0.305,ONEQ
73,GE HealthCare Technologies Inc,GEHC,0.3,ONEQ
74,Datadog Inc,DDOG,0.294,ONEQ
75,Cognizant Technology Solutions Corp,CTSH,0.293,ONEQ
76,Electronic Arts Inc,EA,0.29,ONEQ
77,AstraZeneca PLC ADR,AZN,0.289,ONEQ
78,Zscaler Inc,ZS,0.282,ONEQ
79,Trade Desk Inc/The,TTD,0.281,ONEQ
80,Verisk Analytics Inc,VRSK,0.275,ONEQ
81,Exelon Corp,EXC,0.264,ONEQ
82,ON Semiconductor Corp,ON,0.255,ONEQ
83,CoStar Group Inc,CSGP,0.253,ONEQ
84,Moderna Inc,MRNA,0.253,ONEQ
85,Xcel Energy Inc,XEL,0.249,ONEQ
86,CDW Corp/DE,CDW,0.247,ONEQ
87,Dollar Tree Inc,DLTR,0.243,ONEQ
88,Diamondback Energy Inc,FANG,0.243,ONEQ
89,Biogen Inc,BIIB,0.242,ONEQ
90,Atlassian Corp,TEAM,0.242,ONEQ
91,MongoDB Inc,MDB,0.242,ONEQ
92,Coca-Cola Europacific Partners PLC,CCEP,0.238,ONEQ
93,GLOBALFOUNDRIES Inc,GFS,0.228,ONEQ
94,Baker Hughes Co,BKR,0.223,ONEQ
95,ANSYS Inc,ANSS,0.22,ONEQ
96,Splunk Inc,SPLK,0.2,ONEQ
97,Take-Two Interactive Software Inc,TTWO,0.197,ONEQ
98,Warner Bros Discovery Inc,WBD,0.184,ONEQ
99,Illumina Inc,ILMN,0.17,ONEQ
100,Walgreens Boots Alliance Inc,WBA,0.147,ONEQ
101,Sirius XM Holdings Inc,SIRI,0.139,ONEQ
